{
    "accuracy": 0.558766859344894,
    "precision": 0.5761194029850746,
    "recall": 0.3791748526522593,
    "f1": 0.45734597156398105
}
