{
    "accuracy": 0.5821686746987952,
    "precision": 0.5636833046471601,
    "recall": 0.645320197044335,
    "f1": 0.6017455213596693
}
